Artikelnummer;Bestand;Reserviert
100002;22;0
100003;17;0
100004;0;0
100005;6;0
100006;0;0
100012;29;2
100013;26;0
100014;29;0
100015;14;10
100016;11;0
100019;0;0
100020;23;0
100021;10;0
100022;0;0
100055;8;0
100056;0;0
100057;8;0
100058;8;0
100059;9;0
100060;9;0
100061;0;0
100062;2;0
100063;2;0
100064;3;0
100065;16;0
100066;0;0
100067;1;0
100068;3;0
100103;4;0
100116;12;0
100117;28;0
100118;0;0
100119;37;0
100120;31;0
100121;15;0
100122;24;0
100123;57;0
100145;34;0
100146;20;0
100147;30;0
100148;39;0
100149;30;0
100151;30;0
100152;0;0
100153;40;0
100154;43;0
100155;19;0
100156;21;0
100157;11;0
100162;40;0
100164;31;0
100165;35;0
100170;2;0
100171;2;0
100172;1;0
100173;2;0
100181;7;0
100182;6;0
100183;15;0
100192;15;0
100193;16;0
100194;28;0
100200;0;0
100201;8;0
100202;7;0
100204;0;0
100205;0;0
100206;1;0
100207;1;0
100208;0;0
100214;0;0
100215;0;0
100216;0;0
100217;0;0
100218;0;0
100236;0;0
100237;0;0
100238;3;0
100265;9;0
100274;0;0
100275;0;0
100276;17;0
100277;16;0
100280;8;0
100281;13;0
100301;56;0
100304;0;0
100305;1;0
100306;24;0
100307;0;0
100308;0;0
100309;90;0
100310;56;0
100312;0;0
100313;0;0
100314;41;0
100315;0;0
100316;0;0
100317;0;0
100318;0;0
100319;1;0
100322;40;0
100344;0;0
100345;23;0
100346;0;0
100352;1;0
100354;0;0
100361;29;0
100363;0;0
100367;1;0
100372;24;0
100373;14;0
100374;16;0
100375;20;0
100376;16;0
100378;0;0
100379;0;0
100380;0;0
100393;21;0
100394;16;0
100395;22;0
100398;0;0
100400;0;0
100405;1;0
100406;1;0
100407;22;0
100408;18;0
100409;109;0
100410;35;0
100412;28;0
100413;49;0
100433;0;0
100438;0;0
100442;2;0
100449;0;0
100450;33;0
100451;36;0
100452;20;0
100456;18;0
100457;24;0
100458;0;0
100459;0;0
100460;24;0
100461;18;0
100466;15;0
100467;19;0
100468;4;0
100469;0;0
100470;16;0
100471;6;0
100472;11;0
100473;0;0
100474;0;0
100476;20;0
100477;0;0
100478;0;0
100481;10;0
100482;23;0
100484;0;0
100485;0;0
100492;11;0
100495;38;0
100502;0;0
100503;35;0
100504;18;0
100511;2;0
100516;0;0
100517;0;0
100525;33;0
100526;0;0
100527;32;0
100543;74;0
100544;24;0
100545;12;0
100546;10;0
100547;0;0
100548;87;0
100550;23;0
100551;0;0
100553;69;0
100554;1;0
100555;12;0
100556;18;0
100557;20;0
100558;13;0
100560;72;0
100561;14;0
100564;40;0
100565;0;0
100566;0;0
100567;0;0
100568;22;0
100569;22;0
100570;20;0
100571;25;0
100572;10;0
100573;1;0
100574;0;0
100575;0;0
100576;17;0
100577;5;0
100578;33;0
100580;0;0
100581;2;0
100582;25;0
100583;0;0
100584;0;0
100585;0;0
100587;2;0
100589;0;0
100591;99;0
100592;27;0
100593;2;0
100594;0;0
100595;0;0
100596;0;0
100597;0;0
100598;0;0
100604;31;0
100605;0;0
100606;23;0
100607;115;0
100608;0;0
100609;22;0
100610;0;0
100613;33;0
100619;57;0
100620;0;0
100621;0;0
100622;0;0
100623;0;0
100624;0;0
100633;19;0
100635;11;0
100637;0;0
100639;0;0
100640;4;0
100641;5;0
100642;0;0
100643;0;0
100644;5;0
100645;5;0
100646;0;0
100649;0;0
100652;0;0
100653;7;0
100654;9;0
100655;7;0
100657;0;0
100659;23;0
100661;25;0
100662;100;0
100663;9;0
100664;0;0
100665;3;0
100667;17;0
100668;3;0
100669;0;0
100670;0;0
100671;0;0
100672;5;0
100674;4;0
100677;27;0
100678;49;0
100682;3;0
100684;15;0
100685;0;0
100686;13;0
100687;13;0
100688;3;0
100689;0;0
100690;0;0
100702;29;0
100704;0;0
100705;4;0
100706;5;0
100707;2;0
100713;13;0
100715;13;0
100716;25;0
100718;27;0
100719;22;0
100720;6;0
100721;0;0
100722;5;0
100723;6;0
100724;3;0
100725;2;0
100726;3;0
100727;14;0
100728;0;0
100729;0;0
100730;5;0
100731;7;0
100732;0;0
100733;9;0
100734;10;0
100735;13;0
100737;0;0
100738;9;0
100739;7;0
100740;65;0
100741;13;0
100742;0;0
100743;5;0
100753;0;0
100754;9;0
100755;6;0
100757;25;0
100759;7;0
100761;0;0
100762;0;0
100766;2;0
100767;57;0
100768;0;0
100769;0;0
100770;0;0
100771;0;0
100772;0;0
100773;0;0
100775;0;0
100776;0;0
100777;10;0
100778;3;0
100779;0;0
100780;0;0
100781;0;0
100784;0;0
100785;0;0
100786;0;0
100787;24;0
100789;0;0
100790;0;0
100791;1;0
100792;0;0
100793;0;0
100794;0;0
100795;0;0
100797;11;0
100798;11;0
100799;5;0
100800;0;0
100801;90;0
100802;13;0
100806;0;0
100807;21;0
100809;0;0
100810;0;0
100811;0;0
100812;0;0
100813;0;0
100814;0;0
100816;0;0
100817;8;0
100818;0;0
100819;0;0
100820;0;0
100821;0;0
100822;0;0
100823;1;0
100824;0;0
100825;0;0
100826;0;0
100827;0;0
100828;0;0
100829;0;0
100833;11;0
100834;9;0
100835;6;0
100836;18;0
100837;0;0
100839;0;0
100841;14;0
100842;0;0
100843;5;0
100844;0;0
100845;0;0
100846;0;0
100847;0;0
100848;0;0
100849;1;0
100850;0;0
100851;14;0
100855;0;0
100856;0;0
100859;0;0
100861;0;0
100862;0;0
100864;11;0
100865;4;0
100866;13;0
100867;2;0
100868;7;0
100869;0;0
100870;0;0
100871;0;0
100872;0;0
100875;1;0
100876;1;0
100877;14;0
100878;0;0
100879;0;0
100880;0;0
100881;0;0
100882;0;0
100883;0;0
100884;0;0
100885;0;0
100886;18;0
100887;0;0
100888;4;0
100889;0;0
100890;0;0
100893;0;0
100895;0;0
100896;7;0
100897;0;0
100901;0;0
100902;4;0
100903;7;0
100904;3;0
100905;0;0
100907;8;0
100908;5;0
100909;31;0
100910;0;0
100911;0;0
100912;0;0
100913;0;0
100914;0;0
100915;11;0
100916;17;0
100917;0;0
100918;0;0
100919;0;0
100920;0;0
100924;0;0
100925;0;0
100926;0;0
100927;1;0
100930;0;0
100931;0;0
100932;1;0
100933;0;0
100934;0;0
100935;0;0
100936;0;0
100941;0;0
100942;0;0
100943;0;0
100946;1;0
100947;1;0
100948;0;0
100949;0;0
100950;6;0
100952;0;0
100953;0;0
100954;1;0
100955;1;0
100956;0;0
100957;1;0
100958;1;0
100959;20;0
100962;11;0
100963;2;0
100964;5;0
100965;0;0
100966;0;0
100967;26;0
100968;29;0
100969;13;0
100974;0;0
100978;0;0
100979;0;0
100980;0;0
100983;0;0
100984;0;0
100985;3;0
100986;16;0
100987;27;0
100988;0;0
100995;0;0
100996;0;0
100997;0;0
100999;0;0
101000;0;0
101003;0;0
101004;0;0
101005;0;0
101007;0;0
101008;0;0
101009;3;0
101010;24;0
101011;36;0
101012;26;0
101013;2;0
101014;15;0
101015;27;0
101016;14;0
101017;34;0
101018;0;0
101019;1;0
101020;10;0
101021;4;0
101022;6;0
101023;0;0
101024;1;0
101025;0;0
101026;0;0
101027;0;0
101028;0;0
101029;0;0
101030;0;0
101031;0;0
101032;0;0
101033;0;0
101034;1;0
101035;1;0
101036;1;0
101037;1;0
101038;0;0
101039;6;0
101040;0;0
101044;34;0
101045;34;0
101046;29;0
101047;22;0
101048;49;10
101049;35;0
101050;28;0
101051;31;0
101052;13;0
101053;44;0
101054;35;0
101055;54;0
101056;30;0
101057;19;0
101065;24;0
101066;0;0
101068;2;0
101069;15;0
101078;0;0
101080;12;0
101081;0;0
101082;6;0
101084;0;0
101085;9;0
101086;5;0
101087;12;0
101088;6;0
101089;0;0
101090;0;0
101092;0;0
101093;0;0
101094;7;0
101096;0;0
101097;49;10
101098;9;0
101099;23;0
101100;55;0
101101;47;0
101102;0;0
101103;27;0
101104;45;0
101105;52;0
101106;23;0
101107;34;0
101108;30;0
101109;10;0
101110;5;0
101111;6;0
101112;22;0
101113;0;0
101114;50;0
101115;0;0
101116;10;0
101117;7;0
101118;0;0
101119;0;0
101121;0;0
101122;0;0
101125;0;0
101128;0;0
101132;0;0
101133;54;0
101134;25;0
101135;49;0
101136;0;0
101137;0;0
101138;0;0
101139;0;0
101140;0;0
101141;0;0
101142;0;0
101143;0;0
101144;0;0
101145;0;0
101146;0;0
101147;0;0
101148;0;0
101149;0;0
101150;40;0
101151;0;0
101152;7;0
101153;25;0
101154;0;0
101155;0;0
101180;0;0
101181;0;0
101190;4;0
101191;13;0
101192;10;0
101193;3;0
101194;8;0
101195;8;0
101196;9;0
101197;6;0
101198;7;0
101199;2;0
101200;5;0
101201;5;0
101202;8;0
101203;7;0
101204;4;0
101205;4;0
101206;8;0
101207;5;0
101208;6;0
101209;4;0
101210;7;0
101211;8;0
101212;7;0
101213;7;0
101214;4;0
101215;8;0
101216;5;0
101217;7;0
101218;6;0
101219;5;0
101220;7;0
101221;9;0
101222;5;0
101223;6;0
101224;13;0
101225;5;0
101226;5;0
101227;1;0
101228;3;0
101229;17;0
101230;6;0
101231;5;0
101232;54;0
101233;7;0
101234;6;0
101235;1;0
101236;4;0
101237;2;0
101238;31;0
101239;3;0
101240;0;0
101241;2;0
101242;8;0
101243;2;0
101244;1;0
101245;0;0
101246;1;0
101247;7;0
101248;4;0
101249;5;0
101250;6;0
101251;1;0
101252;2;0
101253;27;0
101254;4;0
101255;13;0
101256;5;0
101257;1;0
101260;0;0
101265;7;0
101266;6;0
101267;5;0
101268;5;0
101269;0;0
101270;3;0
101313;10;0
101316;14;0
101317;5;0
101318;26;0
101319;6;0
101320;1;0
101327;0;0
101330;9;0
101331;16;0
101332;3;0
101333;52;0
101334;6;0
101335;10;0
101336;20;0
101337;11;0
101338;0;0
101339;13;0
101340;35;0
101341;0;0
101342;15;0
101343;13;0
101344;32;0
101345;5;0
101346;22;5
101347;3;0
101348;21;0
101349;8;0
101350;0;0
101351;12;0
101358;23;0
101359;2;0
101360;1;0
101361;5;0
101362;6;0
101363;4;0
101364;26;16
101365;14;6
101366;2;0
101367;1;0
101370;14;0
101371;9;0
101372;14;0
101373;29;0
101374;1;0
101375;0;0
101384;12;0
101385;16;0
101386;18;0
101387;3;0
101388;17;0
101389;0;0
101390;14;0
101391;8;0
101392;3;0
101393;8;0
101394;3;0
101395;7;0
101396;16;0
101397;26;0
101398;11;0
101399;2;0
101402;0;0
101415;3;0
101416;40;0
101417;6;0
101418;9;0
101419;5;0
101425;19;0
101426;14;0
101427;17;1
101428;1;0
101429;4;0
101430;1;0
101431;3;0
101432;7;0
101433;9;0
101434;28;0
101435;0;0
101441;11;0
101442;4;0
101443;12;0
101444;0;0
101445;0;0
101449;17;0
101450;19;0
101451;0;0
101452;11;0
101453;0;0
101457;5;0
101458;1;0
101459;3;0
101460;3;0
101461;2;0
101462;5;0
101463;3;0
101464;7;0
101465;5;0
101466;10;0
101467;16;0
101468;14;0
101469;0;0
101470;6;0
101471;0;0
101488;18;0
101489;2;0
101490;6;0
101492;21;0
101493;15;0
101494;13;0
101495;14;0
101496;9;0
101497;17;0
101498;11;0
101499;9;0
101500;7;0
101501;48;0
101502;22;0
101503;60;0
101504;3;0
101505;11;0
101506;5;0
101508;19;0
101509;21;0
101510;14;0
101511;25;0
101512;9;0
101516;0;0
101517;0;0
101519;10;0
101520;17;0
101521;3;0
101527;11;0
101528;19;0
101529;38;0
101530;15;0
101532;0;0
101533;4;0
101535;9;0
101536;0;0
101537;0;0
101538;0;0
101539;0;0
101540;0;0
101541;0;0
101542;0;0
101543;0;0
101544;0;0
101545;0;0
101546;0;0
101547;0;0
101548;0;0
101549;0;0
101550;0;0
101561;8;0
101562;17;0
101564;14;0
101565;0;0
101567;7;0
101568;16;0
101569;29;0
101570;0;0
101571;10;0
101572;2;0
101575;15;0
101579;0;0
101581;9;0
101582;9;0
101583;4;0
101584;17;0
101585;8;0
101586;29;0
101587;9;0
101588;31;0
101589;35;0
101599;16;0
101601;22;0
101603;12;0
101607;4;0
101608;6;0
101609;12;0
101610;6;0
101612;17;0
101633;8;0
101637;27;0
101638;26;0
101645;18;0
101646;6;0
101647;5;0
101650;4;0
101651;17;0
101652;2;0
101653;15;0
101654;22;0
101655;35;0
101656;17;0
101657;12;0
101662;7;0
101663;106;0
101664;27;0
101665;7;0
101666;11;4
101667;20;0
101668;23;0
101669;19;0
101670;16;0
101671;12;0
101672;19;0
101677;10;0
101679;15;0
101680;7;0
101681;6;0
101682;7;0
101683;31;0
101685;0;0
101686;10;0
101689;17;0
101690;0;0
101691;14;0
101696;0;0
101697;0;0
101699;20;0
101708;12;0
101709;11;0
101710;60;0
101711;22;0
101714;17;0
101716;0;0
101721;0;0
101722;0;0
101723;0;0
101724;0;0
101725;18;0
101726;7;0
101727;0;0
101728;0;0
101729;0;0
101730;13;0
101731;5;1
101732;0;0
101735;5;0
101736;4;0
101737;1;0
101739;1;0
101740;20;0
101745;0;0
101746;0;0
101747;0;0
101748;0;0
101749;0;0
101750;1;0
101752;0;0
101753;0;0
101754;6;0
101755;10;0
101756;12;0
101760;0;0
101761;0;0
101764;3;0
101765;7;0
101767;0;0
101768;12;0
101769;6;0
101770;0;0
101774;0;0
101775;17;0
101777;0;0
101778;0;0
101779;0;0
101780;0;0
101781;2;0
101782;5;0
101784;0;0
101786;8;0
101787;7;0
101788;5;0
101789;0;0
101790;0;0
101791;6;0
101792;0;0
101793;0;0
101794;0;0
101795;11;0
101796;7;0
101797;5;0
101798;10;0
101799;10;0
101800;1;0
101801;9;0
101802;5;0
101803;8;0
101804;8;0
101805;13;0
101806;12;0
101807;10;0
101808;7;1
101809;10;0
101810;6;0
101811;0;0
101812;7;0
101813;0;0
101814;0;0
101815;0;0
101816;0;0
101817;0;0
101818;11;0
101819;6;0
101821;7;0
101822;9;0
101823;0;0
101824;0;0
101825;12;0
101826;10;0
101827;2;0
101828;9;0
101829;18;0
101830;0;0
101831;5;0
101835;1;0
101836;1;0
101837;0;0
101838;0;0
101839;1;0
101840;1;0
101841;0;0
101842;0;0
101843;0;0
101844;3;0
101845;4;0
101846;2;0
101847;2;0
101848;0;0
101849;5;0
101850;0;0
101851;3;0
101852;9;0
101853;5;0
101854;4;0
101855;4;0
101856;2;0
101857;0;0
101858;0;0
101859;8;0
101860;0;0
101861;3;0
101862;0;0
101863;1;0
101864;0;0
101865;0;0
101866;0;0
101867;0;0
101868;0;0
101870;1;0
101871;1;0
101872;1;0
101873;2;0
101874;5;0
101875;7;0
101876;0;0
101878;13;0
101879;14;0
101880;15;0
101881;6;0
101882;0;0
101883;11;0
101888;2;0
101889;5;0
101890;1;0
101895;2;0
101896;0;0
101897;0;0
101898;7;0
101899;5;0
101900;5;0
101901;6;0
101902;0;0
101903;0;0
101908;2;0
101909;0;0
101910;25;0
101911;12;0
101912;26;0
101913;26;0
101914;5;0
101915;9;0
101916;7;0
101917;3;1
101918;24;0
101919;23;0
101920;4;0
101921;0;0
101923;9;0
101924;9;0
101925;3;0
101926;14;0
101927;3;0
101928;0;0
101929;14;1
101930;12;0
101931;14;0
101932;2;0
101933;11;0
101934;0;0
101935;0;0
101936;7;0
101937;16;0
101938;0;0
101939;0;0
101940;1;0
101941;1;0
101942;0;0
101943;1;0
101944;0;0
101945;0;0
101946;0;0
101947;7;0
101948;5;0
101949;2;0
101950;5;0
101952;9;0
101953;5;0
101954;11;0
101955;8;0
101956;11;0
101957;5;0
101958;2;0
101959;5;0
101960;7;0
101961;13;0
101962;0;0
101963;0;0
101964;0;0
101965;6;0
101966;12;0
101969;0;0
101970;0;0
101971;0;0
101972;0;0
101973;0;0
101974;0;0
101975;0;0
101976;3;0
101977;12;0
101978;8;0
101979;8;0
101980;0;0
101981;6;0
101982;9;0
101983;17;0
101984;2;0
101985;8;0
101987;1;0
101988;1;0
101990;8;0
101991;6;0
101992;5;0
101993;3;0
101994;18;0
101995;16;0
101996;11;0
101997;0;0
101998;0;0
102000;28;0
102002;0;0
102004;0;0
102005;23;0
102006;21;0
102007;14;0
102008;11;0
102009;3;0
102010;4;1
102011;25;0
102012;6;0
102014;8;0
102016;14;0
102018;6;0
102019;0;0
102020;3;0
102021;1;1
102022;8;0
102023;1;0
102024;0;0
102025;0;0
102026;2;0
102032;0;0
102033;8;0
102034;2;0
102035;7;0
102036;17;0
102040;4;0
102041;3;0
102042;4;0
102043;11;0
102044;14;0
102045;8;0
102046;9;0
102047;9;0
102048;14;0
102049;17;0
102050;4;0
102051;1;0
102052;6;0
102053;13;0
102054;17;0
102055;0;0
102056;7;0
102057;5;0
102059;2;0
102060;5;0
102061;7;0
102062;3;0
102063;1;0
102064;6;0
102065;6;0
102067;6;0
102068;1;0
102070;0;0
102071;0;0
102072;12;0
102073;5;1
102074;7;0
102075;6;0
102076;0;0
102077;0;0
102078;7;0
102079;21;0
102080;0;0
102081;0;0
102082;52;0
102083;0;0
102084;0;0
102088;8;0
102089;17;1
102090;11;0
102091;8;0
102092;3;0
102093;2;0
102094;1;1
102095;23;0
102096;15;0
102097;8;0
102098;15;0
102099;1;0
102100;0;0
102101;2;0
102102;4;0
102103;11;0
102104;4;0
102105;15;0
102106;20;0
102107;8;0
102108;8;0
102110;0;0
102112;2;1
102113;2;0
102114;4;0
102115;2;0
102116;20;0
102117;13;0
102118;19;0
102119;19;0
102121;0;0
102122;26;0
102123;0;0
102124;4;0
102125;4;0
102126;8;0
102127;7;0
102128;9;0
102129;2;0
102130;8;0
102131;3;0
102132;5;0
102133;4;0
102134;20;0
102135;12;0
102136;17;0
102137;10;0
102138;20;0
102139;12;0
102140;16;0
102141;20;0
102142;10;0
102143;21;1
102144;3;0
102145;16;0
102147;0;0
102148;20;0
102149;0;0
102150;0;0
102151;1;0
102152;1;0
102154;7;0
102155;8;0
102156;18;0
102157;6;1
102158;12;0
102159;15;0
102160;12;1
102161;0;0
102162;6;0
102163;13;0
102164;10;1
102165;0;0
102166;0;0
102167;4;0
102168;8;0
102169;9;4
102170;14;0
102171;12;0
102172;8;0
102173;0;0
102174;2;0
102175;23;0
102176;5;0
102177;7;0
102178;0;0
102179;0;0
102180;6;0
102181;0;0
102182;0;0
102183;1;0
102185;15;0
102186;6;0
102187;11;0
102188;13;0
102189;4;0
102190;3;0
102191;13;0
102192;5;0
102193;11;0
102194;2;0
102195;1;0
102196;0;0
102197;0;0
102198;1;0
102199;1;0
102200;0;0
102201;6;0
102202;10;0
102206;0;0
102208;1;0
102209;1;0
102210;0;0
102211;1;0
102212;0;0
102213;0;0
102214;0;0
102215;10;0
102216;7;0
102217;12;0
102218;2;0
102219;14;0
102220;6;0
102221;11;0
102222;4;0
102223;1;0
102224;8;0
102237;28;0
102238;28;1
102239;20;0
102240;18;0
102241;8;0
102242;0;0
102243;10;0
102244;35;0
102245;3;0
102246;8;0
102247;15;0
102248;0;0
102249;1;0
102250;1;0
102251;0;0
102252;1;0
102253;1;0
102254;0;0
102255;0;0
102256;8;0
102257;11;0
102258;6;0
102259;10;0
102260;0;0
102261;7;0
102262;6;0
102263;8;0
102264;14;0
102265;16;0
102266;46;0
102267;48;0
102268;22;0
102269;5;0
102270;8;0
102271;9;0
102272;0;0
102273;1;0
102274;0;0
102275;1;0
102276;1;0
102277;0;0
102278;6;0
102279;4;0
102280;6;0
102281;12;0
102282;12;0
102283;11;0
102284;7;0
102285;5;0
102286;15;0
102287;0;0
102288;6;0
102289;3;0
102290;2;0
102291;19;0
102292;0;0
102293;7;0
102294;2;0
102295;3;0
102296;4;0
102297;2;0
102298;3;0
102299;0;0
102301;8;0
102302;13;0
102303;4;1
102304;3;0
102305;6;0
102306;0;0
102307;0;0
102308;0;0
102309;0;0
102310;0;0
102311;0;0
102312;0;0
102313;0;0
102314;0;0
102316;0;0
102317;4;0
102318;3;0
102319;0;0
102320;12;0
102321;25;0
102322;9;0
102323;6;0
102324;0;0
102325;0;0
102326;0;0
102327;0;0
102328;17;0
102329;2;0
102330;2;0
102331;13;0
102332;4;0
102333;4;2
102334;26;0
102335;8;0
102336;8;0
102337;19;0
102338;7;0
102339;2;0
102340;3;0
102341;0;0
102342;0;0
102343;15;0
102344;10;0
102345;14;0
102347;18;0
102348;28;0
102349;7;0
102350;27;0
102351;9;0
102352;14;0
102353;10;0
102354;14;0
102355;0;0
102356;6;0
102357;7;0
102358;6;0
102359;25;0
102360;14;1
102361;14;0
102362;17;0
102363;17;0
102364;10;0
102365;13;0
102366;13;0
102367;7;1
102368;14;0
102369;20;0
102370;14;0
102371;3;0
102372;10;0
102373;5;0
102374;1;0
102375;12;0
102376;0;0
102377;12;0
102378;2;0
102379;15;0
102380;10;1
102381;12;0
102382;4;0
102383;1;0
102384;8;0
102385;6;0
102386;0;0
102387;0;0
102388;14;0
102389;19;0
102390;14;0
102391;16;0
102398;0;0
102399;0;0
102400;9;0
102401;6;0
102402;3;0
102403;9;0
102404;1;0
102405;6;0
102406;6;0
102407;6;0
102408;4;0
102409;10;0
102410;9;0
102411;10;0
102412;14;0
102413;8;0
102414;3;0
102415;6;0
102416;9;0
102417;4;0
102418;7;0
102419;7;0
102420;1;0
102421;19;1
102422;0;0
102423;6;0
102424;14;0
102425;2;0
102426;1;0
102427;7;0
102429;2;0
102430;5;0
102432;3;0
102433;10;0
102435;2;0
102436;19;0
102437;5;0
102439;1;0
102440;8;0
102442;2;0
102443;14;0
102445;3;0
102446;13;0
102447;5;0
102448;5;0
102449;0;0
102450;6;0
102451;2;0
102452;4;0
102453;5;0
102454;0;0
102455;1;0
102456;6;0
102457;8;0
102459;1;0
102460;3;0
102461;14;0
102462;5;0
102463;10;0
102464;14;0
102465;12;0
102466;6;0
102467;22;0
102468;6;0
102469;1;0
102470;3;0
102471;8;0
102472;0;0
102473;0;0
102474;0;0
102475;2;0
102476;10;0
102477;8;0
102478;3;0
102479;16;0
102480;20;0
102481;4;0
102482;13;0
102483;7;0
102484;2;0
102485;3;0
102486;5;0
102487;0;0
102488;8;0
102489;2;0
102490;8;0
102491;2;0
102492;5;0
102494;4;0
102495;2;0
102496;0;0
102497;0;0
102498;7;0
102499;5;0
102500;12;0
102501;8;0
102502;0;0
102503;7;0
102504;1;0
102505;7;0
102506;2;0
102507;11;0
102508;0;0
102509;10;0
102510;1;0
102513;0;0
102514;0;0
102515;0;0
102516;0;0
102518;7;0
102519;1;0
102520;10;0
102521;1;0
102522;17;0
102523;5;0
102524;20;0
102525;10;0
102526;16;0
102527;16;0
102528;1;0
102529;0;0
102530;3;1
102531;1;0
102532;6;0
102533;1;0
102534;13;0
102535;3;0
102536;11;0
102537;5;0
102538;7;0
102539;9;0
102540;6;0
102541;8;0
102542;12;0
102543;21;0
102544;1;0
102545;9;0
102546;15;0
102547;6;0
102548;14;0
102549;20;0
102550;18;0
102551;25;0
102552;32;0
102553;0;0
102554;0;0
102555;0;0
102556;0;0
102557;7;0
102558;6;0
102559;10;0
102560;17;0
102561;11;0
102562;0;0
102563;38;0
102564;9;0
102565;2;0
102566;3;0
102567;2;0
102568;6;0
102569;1;0
102570;28;0
102571;9;0
102572;11;0
102573;8;0
102574;17;0
102575;0;0
102576;2;0
102577;8;0
102579;7;0
102580;10;0
102581;14;0
102582;1;0
102583;0;0
102584;0;0
102585;15;0
102586;6;0
102587;0;0
102588;16;0
102589;1;0
102590;46;0
102591;0;0
102592;0;0
102593;0;0
102594;5;0
102595;0;0
102596;0;0
102597;12;1
102599;0;0
102600;0;0
102601;4;0
102603;2;0
102604;9;3
102605;9;0
102606;10;0
102608;2;0
102609;14;0
102611;5;0
102612;3;0
102613;0;0
102614;3;0
102615;0;0
102616;0;0
102617;0;0
102618;0;0
102619;1;0
102620;6;0
102621;4;0
102622;0;0
102623;4;0
102624;3;0
102625;1;0
102626;4;0
102627;14;0
102628;14;0
102629;6;1
102630;7;0
102631;8;0
102632;2;0
102633;8;0
102634;4;0
102635;8;0
102636;13;0
102639;7;0
102640;4;0
102641;8;0
102642;23;0
102643;1;0
102644;9;0
102645;10;0
102646;1;0
102647;0;0
102648;12;0
102649;10;0
102650;8;0
102651;10;0
102652;15;0
102653;16;0
102654;6;0
102655;12;0
102656;16;0
102657;12;0
102658;23;0
102659;19;0
102660;0;0
102661;0;0
102662;0;0
102663;12;0
102664;23;0
102665;11;0
102666;17;0
102667;5;0
102668;4;0
102669;0;0
102670;15;0
102671;4;0
102672;13;0
102673;14;0
102674;0;0
102675;0;0
102676;0;0
102677;0;0
102678;0;0
102679;7;0
102680;18;0
102681;3;0
102682;11;0
102683;2;0
102684;0;0
102685;12;0
102686;2;0
102687;11;0
102688;12;0
102689;8;0
102690;5;0
102691;7;0
102692;0;0
102693;5;0
102694;9;0
102695;0;0
102696;4;0
102697;2;0
102698;77;0
102699;8;0
102700;6;0
102701;1;0
102703;0;0
102704;10;0
102705;0;0
102706;1;0
102707;14;0
102708;13;0
102709;0;0
102710;8;0
102711;6;0
102712;0;0
102713;11;0
102714;4;0
102715;7;0
102716;9;0
102717;6;0
102718;10;0
102719;3;0
102720;7;0
102721;9;0
102722;17;0
102723;7;0
102724;11;0
102725;0;0
102726;8;0
102727;35;0
102728;4;0
102729;6;0
102730;8;0
102731;6;0
102732;3;0
102733;0;0
102734;0;0
102735;0;0
102736;0;0
102738;2;0
102739;6;0
102740;2;0
102741;2;0
102742;54;0
102743;11;0
102744;9;0
102745;9;0
102746;10;0
102747;10;0
102748;13;0
102749;4;0
102750;2;0
102751;38;0
102752;10;0
102753;10;0
102754;7;0
102755;10;0
102756;11;0
102757;4;0
102758;6;0
102759;20;0
102760;7;0
102761;11;0
102762;4;0
102763;8;0
102764;11;0
102765;5;0
102766;7;0
102767;0;0
102768;3;0
102769;11;0
102770;13;0
102771;3;0
102772;11;0
102773;3;0
102774;11;0
102775;15;0
102776;14;0
102777;5;0
102778;12;0
102779;12;0
102780;2;0
102781;4;0
102782;13;0
102783;5;0
102784;7;0
102785;3;0
102786;10;0
102787;0;0
102788;14;0
102789;1;0
102790;7;0
102791;16;0
102792;10;0
102793;0;0
102794;0;0
102795;0;0
102797;6;0
102798;5;0
102799;4;0
102800;14;0
102801;10;0
102802;3;0
102803;0;0
102804;0;0
102805;17;0
102806;8;0
102807;5;0
102808;5;0
102809;24;0
102810;7;0
102811;2;0
102812;0;0
102813;28;0
102814;6;0
102815;4;0
102816;1;0
102817;0;0
102818;0;0
102819;0;0
102820;5;0
102821;2;0
102822;17;0
102823;3;0
102824;0;0
102825;0;0
102826;0;0
102827;0;0
102828;33;0
102829;48;0
102830;22;0
102831;6;0
102832;3;0
102833;5;0
102834;3;0
102835;3;0
102836;0;0
102837;8;0
102838;10;0
102839;1;0
102840;11;0
102841;9;0
102842;6;0
102843;32;0
102844;26;0
102845;28;0
102846;11;0
102847;20;0
102848;10;0
102849;2;0
102850;24;0
102851;4;0
102852;1;0
102853;17;0
102854;11;0
102855;1;0
102856;1;0
102857;4;0
102858;0;0
102859;2;0
102860;1;0
102861;2;0
102862;10;0
102863;0;0
102864;11;0
102865;17;0
102866;22;0
102867;43;0
102868;8;0
102869;5;0
102870;0;0
102872;6;0
102873;10;0
102874;0;0
102875;4;0
102876;0;0
102877;0;0
102878;0;0
102879;0;0
102881;0;0
102882;0;0
102883;0;0
102884;0;0
102885;12;0
102886;0;0
102887;0;0
102888;23;0
102889;5;0
102890;2;0
102891;1;0
102892;2;0
102893;3;0
102894;4;0
102895;3;0
102896;4;0
102897;3;0
102898;2;0
102899;0;0
102914;43;0
102915;24;0
102916;8;0
102917;10;0
102918;31;0
102919;27;0
102920;23;0
102921;24;0
102922;9;0
102923;33;0
102924;30;0
102925;50;4
102926;22;0
102927;66;1
102930;36;0
102931;41;0
102932;44;0
102933;23;0
102934;36;0
102935;18;0
102936;22;0
102937;22;0
102938;20;0
102939;16;0
102940;11;0
102941;27;0
102942;6;0
102943;4;0
102944;21;0
102945;3;0
102946;11;0
102947;9;0
102948;5;0
102949;3;0
102950;11;0
102951;9;0
102952;18;0
102953;15;0
102954;34;0
102955;15;0
102957;9;0
102958;20;0
102959;0;0
102960;0;0
102961;18;0
102962;13;0
102963;25;0
102966;30;0
102967;11;0
102968;19;0
102969;10;0
102970;10;0
102971;8;0
102972;7;0
102973;16;0
102974;27;0
102975;24;0
102976;31;0
102977;25;0
102978;20;0
102979;19;0
102980;18;0
102981;7;0
102982;12;0
102984;21;0
102985;21;0
102986;10;0
102987;15;0
102988;33;0
102989;4;0
102991;3;0
102992;18;0
102994;3;0
102995;7;0
102997;11;0
102998;39;0
103000;30;0
103001;17;0
103003;3;0
103004;11;0
103006;2;0
103007;16;0
103008;3;0
103009;7;0
103010;11;0
103012;5;0
103013;13;0
103015;12;0
103016;12;0
103018;8;0
103019;0;0
103020;0;0
103021;16;0
103022;3;0
103023;14;0
103024;11;0
103025;8;0
103026;14;0
103027;4;0
103028;13;0
103029;19;0
103030;18;0
103031;18;0
103032;50;0
103033;12;0
103034;22;0
103035;12;0
103036;0;0
103037;0;0
103038;0;0
103039;0;0
103040;0;0
103041;0;0
103042;0;0
103043;0;0
103045;0;0
103046;0;0
103047;0;0
103048;0;0
103049;0;0
103050;0;0
103051;0;0
103052;15;0
103053;13;0
103054;5;0
103055;9;0
103056;0;0
103057;0;0
103058;16;0
103059;1;0
103060;15;0
103061;5;0
103062;0;0
103063;0;0
103064;0;0
103065;0;0
103066;0;0
103067;0;0
103068;4;0
103069;4;0
103070;0;0
103071;0;0
103072;7;0
103073;4;0
103074;27;0
103075;19;0
103076;4;0
103077;1;0
103078;2;0
103079;2;0
103080;30;0
103081;5;0
103082;11;0
103083;0;0
103084;9;0
103085;2;0
103086;6;0
103087;0;0
103088;3;0
103089;0;0
103090;17;0
103091;2;0
103092;0;0
103093;2;0
103094;20;0
103095;0;0
103096;0;0
103097;5;0
103098;2;0
103099;11;0
103100;3;0
103101;1;0
103102;3;0
103103;8;0
103104;4;0
103105;2;0
103106;2;0
103107;5;0
103108;9;1
103109;9;0
103110;0;0
103111;0;0
103112;7;0
103113;1;0
103114;0;0
103115;27;0
103116;32;0
103117;23;0
103118;14;0
103119;37;0
103120;36;0
103121;61;0
103122;37;0
103123;20;0
103124;14;0
103125;24;0
103126;8;0
103127;17;0
103128;6;0
103129;4;0
103130;10;0
103131;5;0
103132;12;0
103133;56;0
103134;29;0
103135;2;0
103136;11;0
103138;7;0
103139;8;0
103141;2;0
103142;12;0
103147;13;0
103148;0;0
103161;0;0
103165;0;0
103166;0;0
103167;0;0
103168;0;0
103169;0;0
103170;1;0
103171;0;0
103172;0;0
103173;0;0
103174;0;0
103175;0;0
103180;0;0
103181;0;0
103182;14;0
103183;2;0
103184;0;0
103185;11;0
103186;1;0
103187;3;0
103188;21;1
103189;4;0
103190;4;0
103191;2;0
103192;3;0
103193;3;0
103194;4;0
103195;3;0
103196;0;0
103197;0;0
103198;6;0
103199;7;0
103200;11;0
103201;1;0
103202;1;0
103203;5;0
103204;2;0
103205;1;0
103206;8;0
103207;12;0
103208;11;0
103209;6;0
103210;0;0
103213;7;0
103214;14;0
103215;13;0
103216;16;0
103217;7;0
103220;9;0
103221;5;0
103222;8;0
103223;8;0
103224;21;1
103225;0;0
103226;16;0
103227;38;0
103228;14;0
103229;66;0
103230;15;0
103231;0;0
103232;4;0
103233;23;0
103234;19;0
103235;5;0
103236;7;3
103237;0;0
103238;0;0
103239;0;0
103240;1;0
103241;1;0
103242;9;0
103243;0;0
103244;4;0
103245;1;0
103246;1;0
103247;2;0
103248;2;0
103249;0;0
103250;0;0
103251;0;0
103252;0;0
103253;5;0
103254;5;0
103255;5;0
103256;5;0
103257;5;0
103258;6;0
103259;11;0
103260;7;0
103261;9;0
103262;2;0
103263;14;0
103264;9;0
103265;7;0
103266;5;1
103267;8;1
103268;5;5
103269;15;0
103270;4;0
103271;14;0
103272;11;0
103273;6;0
103274;14;0
103275;8;0
103276;6;0
103277;11;0
103278;2;0
103279;22;0
103280;4;0
103281;7;0
103282;11;0
103283;0;0
103284;3;0
103285;17;0
103286;13;0
103287;11;0
103288;13;0
103289;0;0
103290;16;0
103291;14;0
103292;5;0
103293;11;0
103294;8;0
103295;2;0
103296;5;0
103297;7;0
103298;7;0
103299;10;0
103300;19;0
103301;12;0
103302;7;0
103303;9;0
103304;13;0
103305;0;0
103306;0;0
103307;0;0
103308;0;0
103309;5;0
103310;10;0
103313;0;0
103314;0;0
103315;8;0
103316;11;0
103317;7;0
103318;15;0
103319;2;0
103320;10;0
103321;6;0
103322;12;0
103323;6;0
103324;0;0
103325;12;0
103326;6;0
103327;11;0
103328;1;0
103329;1;0
103330;2;0
103331;12;0
103332;3;0
103333;0;0
103334;0;0
103335;0;0
103336;0;0
103337;6;0
103338;4;0
103339;0;0
103340;9;0
103341;10;4
103342;13;0
103343;7;0
103344;6;0
103345;9;0
103346;2;0
103347;9;0
103348;16;0
103349;29;0
103350;13;0
103351;9;0
103352;8;0
103353;12;0
103354;3;0
103355;8;0
103356;0;0
103357;13;0
103358;5;0
103359;0;0
103360;0;0
103361;11;0
103362;0;0
103363;32;0
103364;9;0
103365;26;0
103366;9;0
103367;2;0
103368;38;0
103369;9;1
103370;1;0
103371;4;0
103372;31;0
103373;11;0
103374;12;0
103375;2;0
103376;6;0
103377;15;0
103378;1;0
103379;5;0
103380;5;0
103381;3;0
103382;25;0
103383;15;0
103384;5;0
103385;2;0
103386;4;0
103387;6;0
103388;2;0
103389;4;0
103390;12;0
103391;1;0
103392;5;0
103393;0;0
103394;2;0
103395;4;0
103396;4;0
103397;1;0
103398;6;0
103399;2;0
103400;0;0
103401;6;0
103402;4;0
103403;5;0
103404;3;0
103405;9;0
103406;13;0
103407;18;0
103408;0;0
103409;1;0
103410;3;0
103411;0;0
103412;0;0
103413;0;0
103414;0;0
103417;0;0
103418;19;0
103419;7;0
103420;12;0
103421;25;0
103422;0;0
103423;0;0
103424;19;0
103425;11;0
103426;5;0
103427;0;0
103428;0;0
103429;14;1
103430;0;0
103431;0;0
103432;16;0
103433;0;0
103434;21;0
103435;17;0
103436;27;0
103437;8;0
103438;10;0
103439;14;0
103440;0;0
103441;0;0
103442;0;0
103443;0;0
103444;1;0
103445;0;0
103446;8;0
103447;4;0
103448;1;0
103449;0;0
103450;1;0
103451;9;0
103453;7;0
103454;7;0
103455;3;0
103456;10;0
103457;0;0
103458;13;0
103459;3;0
103460;0;0
103461;0;0
103462;21;0
103463;22;0
103467;7;0
103468;7;1
103469;8;0
103470;6;0
103471;9;0
103472;12;0
103473;10;0
103474;9;0
103475;13;0
103476;12;0
103477;11;0
103478;5;0
103479;0;0
103480;6;0
103481;14;0
103482;5;0
103483;8;0
103484;8;0
103485;11;0
103486;1;0
103488;0;0
103491;0;0
103492;4;0
103493;6;0
103494;6;0
103495;3;0
103496;0;0
103497;0;0
103499;6;0
103500;0;0
103501;8;0
103502;12;0
103503;12;0
103504;11;0
103505;8;0
103506;23;0
103507;3;0
103508;15;0
103509;15;0
103510;15;0
103511;22;0
103512;0;0
103513;9;0
103514;4;0
103515;7;0
103516;0;0
103517;0;0
103518;8;0
103519;10;0
103520;5;0
103521;8;0
103522;6;0
103523;11;0
103524;17;0
103525;22;0
103526;0;0
103527;0;0
103528;5;0
103529;6;0
103530;8;0
103531;10;0
103532;0;0
103533;4;0
103534;0;0
103539;0;0
103540;0;0
103541;10;0
103542;5;0
103543;0;0
103544;1;0
103545;3;0
103546;20;0
103547;20;0
103548;10;0
103549;34;0
103550;6;0
103551;50;0
103552;19;0
103553;7;0
103554;16;0
103555;3;0
103556;14;0
103557;15;0
103558;2;0
103559;19;0
103560;6;0
103561;4;0
103562;6;0
103563;4;0
103564;13;0
103565;3;0
103566;3;0
103567;6;0
103568;17;0
103569;12;0
103570;5;0
103571;13;0
103572;0;0
103573;0;0
103574;0;0
103575;0;0
103576;0;0
103577;0;0
103578;9;0
103579;9;0
103580;13;0
103581;20;0
103582;5;0
103583;5;0
103584;21;0
103585;9;0
103586;6;0
103587;9;0
103588;1;0
103589;6;1
103590;7;0
103591;5;0
103592;8;0
103593;7;0
103594;18;0
103595;7;0
103596;12;0
103597;12;0
103598;11;0
103599;2;0
103600;8;1
103601;3;0
103602;5;0
103603;2;0
103604;7;0
103605;7;0
103606;8;0
103607;11;0
103608;0;0
103609;10;0
103610;15;0
103611;5;0
103612;3;0
103613;25;0
103614;9;0
103615;0;0
103616;3;0
103617;1;0
103618;10;0
103619;5;0
103620;12;0
103621;13;0
103622;9;0
103623;0;0
103624;1;0
103625;0;0
103626;1;0
103627;0;0
103628;0;0
103629;0;0
103630;9;0
103631;0;0
103632;0;0
103633;0;0
103634;8;0
103635;7;0
103636;0;0
103637;11;0
103638;2;0
103639;7;0
103640;6;0
103641;13;0
103642;9;0
103643;7;0
103644;11;0
103645;8;0
103646;14;0
103647;0;0
103648;0;0
103649;2;0
103650;8;0
103651;14;0
103652;19;0
103653;7;0
103654;1;0
103655;0;0
103656;9;0
103657;15;0
103658;10;0
103659;12;0
103660;1;0
103661;7;0
103662;4;0
103663;4;0
103664;8;0
103665;7;0
103666;8;0
103667;1;0
103668;31;0
103669;0;0
103670;7;0
103671;10;0
103672;5;0
103673;7;0
103674;1;0
103675;7;0
103676;7;0
103677;8;0
103678;0;0
103679;2;0
103680;7;0
103681;2;0
103682;13;0
103683;10;0
103684;13;0
103685;1;0
103686;4;0
103687;6;0
103688;0;0
103689;8;0
103690;6;0
103691;9;0
103692;5;0
103693;7;0
103694;0;0
103695;8;0
103696;4;0
103697;6;0
103698;6;0
103699;0;0
103700;0;0
103701;0;0
103702;0;0
103703;0;0
103704;0;0
103716;0;0
103717;8;0
103718;3;0
103719;0;0
103720;0;0
103722;0;0
103723;0;0
103724;0;0
103725;9;0
103726;7;0
103727;11;1
103728;6;0
103729;0;0
103730;7;0
103731;0;0
103732;0;0
103733;0;0
103734;0;0
103735;4;0
103736;11;1
103737;11;0
103738;11;0
103739;11;0
103740;18;0
103741;0;0
103742;7;0
103743;5;0
103744;13;0
103745;2;0
103746;14;1
103747;9;0
103748;5;0
103749;8;0
103750;10;1
103751;0;0
103752;0;0
103753;12;0
103754;0;0
103755;0;0
103756;0;0
103757;0;0
103758;7;0
103759;10;0
103760;0;0
103761;0;0
103762;0;0
103763;0;0
103764;0;0
103765;0;0
103766;0;0
103767;0;0
103768;0;0
103769;0;0
103770;0;0
103771;1;0
103772;0;0
103773;0;0
103774;0;0
103775;0;0
103776;0;0
103777;0;0
103778;0;0
103779;0;0
103780;0;0
103781;1;0
103782;0;0
103783;0;0
103784;6;0
103785;7;0
103786;3;0
103787;21;0
103788;36;0
103789;0;0
103790;0;0
103791;1;0
103792;0;0
103793;0;0
103794;0;0
103795;0;0
103796;2;0
103797;6;0
103798;0;0
103799;0;0
103800;13;0
103801;1;0
103802;9;0
103803;0;0
103804;11;0
103805;9;0
103806;13;0
103807;9;0
103808;6;0
103809;7;0
103810;9;0
103811;7;0
103812;6;0
103813;8;0
103814;2;0
103815;5;0
103816;12;0
103817;14;0
103818;5;1
103819;6;1
103820;11;0
103821;10;2
103822;10;0
103823;6;0
103824;8;0
103825;10;0
103826;4;0
103827;11;0
103828;2;0
103829;12;0
103830;0;0
103831;0;0
103832;11;0
103833;6;0
103834;6;0
103835;7;0
103836;35;0
103837;0;0
103838;3;0
103839;8;0
103840;0;0
103841;0;0
103842;10;0
103843;0;0
103844;2;0
103845;0;0
103846;0;0
103847;0;0
103848;0;0
103849;0;0
103850;0;0
103851;0;0
103852;0;0
103853;0;0
103854;9;0
103855;7;0
103856;6;0
103857;8;1
103858;10;0
103859;5;0
103860;0;0
103861;0;0
103862;0;0
103863;0;0
103864;8;0
103865;9;0
103866;6;0
103867;11;0
103868;6;0
103869;9;0
103870;10;0
103871;7;1
103872;4;0
103873;10;1
103874;10;0
103875;9;0
103876;0;0
103877;0;0
103878;10;0
103879;8;0
103880;11;0
103881;5;0
103882;18;0
103883;10;0
103884;5;0
103885;9;0
103886;0;0
103887;0;0
103888;0;0
103889;0;0
103890;0;0
103891;0;0
103892;0;0
103893;1;0
103894;1;0
103895;18;0
103896;4;0
103897;0;0
103898;0;0
103899;0;0
103900;0;0
103901;0;0
103902;0;0
103903;0;0
103904;0;0
103905;0;0
103906;0;0
103907;0;0
103908;42;0
103910;0;0
103911;0;0
103912;0;0
103913;7;0
103914;0;0
103915;0;0
103916;0;0
103917;47;0
103918;35;15
103919;0;0
103920;21;0
103921;36;0
103922;0;0
103923;7;0
103924;5;0
103925;0;0
103926;1;0
103927;1;0
103928;1;0
103929;0;0
103930;0;0
103931;8;0
103932;5;0
103933;8;0
103934;4;0
103935;4;0
103936;0;0
103937;2;0
103938;0;0
103939;0;0
103940;0;0
103941;3;0
103942;5;0
103943;0;0
103944;5;0
103945;3;0
103946;0;0
103947;4;0
103948;3;0
103949;4;0
103950;22;0
103951;2;0
103952;24;0
103953;7;0
103954;0;0
103955;4;0
103957;6;0
103958;4;0
103959;5;0
103960;3;0
103961;10;0
103962;3;0
103963;6;0
103964;0;0
103965;0;0
103966;4;0
103967;5;0
103968;0;0
103969;2;0
103970;14;0
103971;2;0
103972;4;1
103973;2;0
103974;14;0
103975;8;0
103976;5;0
103977;8;0
103978;6;0
103979;0;0
103980;0;0
103981;0;0
103982;8;0
103983;8;0
103984;6;0
103985;42;0
103986;3;0
103987;13;0
103988;7;0
103989;4;0
103990;3;0
103991;8;0
103992;4;0
103993;7;0
103994;2;0
103995;3;0
103996;0;0
103997;5;0
103998;4;0
103999;0;0
104000;0;0
104001;3;0
104002;0;0
104003;8;0
104004;5;0
104005;0;0
104006;0;0
104007;0;0
104008;0;0
104009;0;0
104010;5;0
104011;0;0
104012;0;0
104013;2;0
104014;0;0
104015;5;0
104016;67;2
104017;38;0
104018;8;0
104019;35;0
104020;51;0
104021;19;3
104022;0;0
104023;0;0
104024;16;0
104025;0;0
104026;7;0
104027;0;0
104028;2;0
104029;4;0
104030;4;0
104031;4;0
104032;0;0
104033;0;0
104034;13;0
104035;3;0
104036;7;0
104037;9;0
104038;22;0
104039;23;0
104040;7;0
104041;6;0
104042;6;0
104043;1;0
104044;9;0
104045;6;0
104046;6;0
104047;4;0
104048;7;0
104049;0;0
104050;4;0
104051;5;0
104052;1;0
104053;0;0
104054;8;0
104055;5;0
104056;3;0
104057;6;0
104058;9;0
104059;0;0
104060;7;0
104061;4;0
104062;4;0
104063;5;0
104064;0;0
104065;1;0
104066;10;0
104067;7;0
104068;4;0
104069;0;0
104070;6;0
104071;0;0
104072;0;0
104073;4;0
104074;6;0
104075;2;0
104076;0;0
104077;0;0
104078;10;0
104079;7;0
104080;0;0
104081;0;0
104082;0;0
104083;0;0
104084;5;0
104085;0;0
104086;0;0
104087;0;0
104088;0;0
104089;0;0
104090;3;0
104091;11;0
104092;1;0
104093;1;1
104094;0;0
104095;0;0
104096;1;0
104097;4;0
104098;4;0
104099;2;0
104100;2;0
104101;2;0
104102;0;0
104103;0;0
104104;7;0
104105;0;0
104106;0;0
104107;1;0
104108;0;0
104109;1;0
104110;0;0
104111;4;0
104112;2;0
104113;0;0
104114;3;0
104115;5;0
104116;6;0
104117;10;0
104118;1;0
104131;6;0
104132;17;0
104133;23;0
104134;4;0
104135;9;0
104136;7;0
104137;5;0
104138;5;0
104139;3;0
104140;10;0
104141;11;0
104142;9;0
104143;1;0
104144;10;0
104145;7;0
104146;10;0
104147;7;0
104148;11;0
104149;10;0
104150;15;0
104151;4;0
104152;6;0
104153;9;0
104154;7;0
104155;15;0
104156;4;0
104157;10;0
104158;4;0
104159;2;0
104160;17;0
104161;9;0
104162;3;0
104163;4;0
104164;0;0
104165;7;0
104166;4;0
104167;11;0
104168;7;0
104169;15;0
104170;4;0
104171;12;0
104172;4;0
104173;2;0
104174;11;0
104175;11;0
104176;2;0
104177;8;0
104178;1;0
104181;0;0
104182;60;0
104183;5;0
104184;10;0
104185;6;0
104186;3;0
104187;5;0
104188;2;0
104189;3;0
104190;6;0
104191;6;0
104192;6;0
104193;8;0
104194;17;0
104195;4;0
104196;2;0
104197;0;0
104198;0;0
104199;0;0
104201;0;0
104202;0;0
104203;0;0
104204;5;0
104205;0;0
104206;3;0
104207;2;0
104208;0;0
104209;5;0
104210;8;0
104211;2;0
104212;8;0
104213;4;0
104214;5;0
104215;4;0
104216;3;0
104217;0;0
104218;1;0
104219;21;0
104220;13;0
104221;0;0
104222;8;0
104223;3;0
104224;0;0
104225;25;1
104226;26;0
104227;0;0
104228;3;0
104229;7;0
104230;0;0
104231;0;0
104232;0;0
104233;61;0
104234;0;0
104235;3;0
104236;0;0
104237;0;0
104238;6;0
104239;5;0
104240;0;0
104241;0;0
104243;0;0
104244;0;0
104245;0;0
104246;0;0
104247;0;0
104248;0;0
104249;13;0
104250;0;0
104251;16;0
104252;11;0
104253;9;0
104254;6;0
104255;6;0
104256;0;0
104257;9;0
104258;2;0
104259;3;0
104261;0;0
104262;0;0
104263;26;0
104264;7;0
104265;18;0
104266;0;0
104267;2;0
104269;2;0
104270;19;0
104271;0;0
104272;0;0
104273;0;0
104274;0;0
104275;0;0
104276;0;0
104277;18;0
104278;1;0
104279;4;0
104280;5;0
104281;4;0
104282;6;0
104283;11;0
104284;12;0
104285;1;0
104286;11;0
104287;9;0
104288;5;0
104289;12;0
104290;0;0
104291;2;0
104292;0;0
104293;0;0
104294;0;0
104295;0;0
104296;0;0
104297;0;0
104298;0;0
104299;0;0
104300;0;0
104301;0;0
104302;6;0
104303;0;0
104304;27;0
104305;17;0
104306;11;0
104307;8;0
104308;6;0
104309;0;0
104310;17;0
104311;9;0
104312;13;0
104313;1;0
104314;1;0
104316;0;0
104317;0;0
104318;0;0
104320;0;0
104321;5;0
104323;0;0
104324;0;0
104325;0;0
104326;0;0
104327;5;0
104328;0;0
104329;0;0
104330;5;0
104331;0;0
104332;18;0
104333;10;0
104334;10;0
104335;17;0
104336;5;0
104338;5;1
104339;4;0
104340;8;0
104341;1;0
104342;0;0
104343;0;0
104345;5;0
104346;4;0
104347;5;0
104348;5;0
104350;8;0
104351;3;0
104352;5;0
104353;1;0
104354;26;0
104355;0;0
104356;0;0
104358;0;0
104362;29;0
104363;62;0
104364;29;0
104365;6;0
104366;13;0
104367;20;0
104368;0;0
104369;0;0
104370;0;0
104371;0;0
104372;0;0
104373;0;0
104376;9;0
104377;13;0
104378;0;0
104379;0;0
104380;0;0
104381;0;0
104382;0;0
104383;0;0
104384;0;0
104385;0;0
104386;0;0
104387;0;0
104388;0;0
104389;0;0
104390;0;0
104391;0;0
104392;0;0
104393;0;0
104394;0;0
104395;0;0
104396;0;0
104397;0;0
104398;0;0
104399;0;0
104400;0;0
104401;0;0
104402;0;0
104403;0;0
104404;0;0
104405;0;0
104406;0;0
104407;0;0
104408;0;0
104409;0;0
104410;0;0
104411;0;0
104412;0;0
104413;0;0
104414;44;0
104415;9;0
104416;4;0
104417;5;0
104418;3;0
104419;11;0
104420;0;0
104421;3;0
104422;0;0
104423;4;0
104425;15;0
104426;20;0
104427;6;0
104428;2;0
104429;0;0
104430;0;0
104433;8;0
104434;6;0
104435;4;0
104436;2;0
104437;0;0
104439;5;0
104441;4;0
104442;0;0
104443;0;0
104444;0;0
104445;0;0
104446;5;0
104447;11;0
104448;6;0
104449;20;0
104450;9;0
104451;13;0
104452;1;0
104453;22;0
104454;35;0
104457;0;0
104458;0;0
104459;11;0
104460;14;0
104461;15;0
104462;6;0
104463;5;0
104464;3;0
104467;11;0
104468;7;0
104469;6;0
104470;11;0
104471;2;0
104472;10;0
104473;3;0
104474;4;0
104475;0;0
104476;4;0
104477;13;0
104478;0;0
104479;4;0
104480;0;0
104481;10;0
104483;3;0
104484;4;0
104485;9;0
104486;6;0
104487;5;0
104488;6;0
104489;7;0
104490;10;0
104497;4;0
104498;6;0
104499;1;0
104500;0;0
104501;0;0
104502;0;0
104503;0;0
104504;67;0
104505;6;2
104506;4;0
104507;3;0
104508;12;0
104509;16;0
104510;9;0
104511;51;0
104512;4;0
104513;5;0
104514;1;0
104515;5;0
104516;7;0
104517;4;0
104518;11;0
104519;4;0
104520;10;0
104521;10;0
104522;13;0
104523;13;0
104524;7;0
104525;11;0
104526;6;0
104527;8;0
104528;2;0
104529;19;0
104530;21;0
104531;17;0
104532;18;0
104533;11;0
104534;21;0
104535;11;0
104536;5;0
104539;0;0
104540;0;0
104541;0;0
104546;9;0
104547;21;0
104548;2;0
104549;0;0
104550;6;0
104551;6;0
104552;8;0
104553;0;0
104554;0;0
104555;0;0
104556;8;0
104557;15;0
104558;9;0
104559;14;0
104560;12;0
104562;10;0
104563;0;0
104565;52;0
104566;28;0
104567;64;0
104568;47;0
104570;8;0
104572;43;0
104574;11;0
104575;0;0
104576;5;0
104577;4;0
104578;6;0
104579;9;0
104580;13;0
104581;5;0
104582;3;0
104583;0;0
104585;14;0
104586;1;0
104587;11;0
104588;10;0
104589;7;0
104590;4;0
104591;8;1
104592;4;0
104593;11;0
104594;4;0
104595;2;0
104596;3;0
104597;28;0
104598;9;0
104599;2;0
104600;0;0
104601;21;0
104602;32;0
104603;16;0
104604;5;0
104605;0;0
104606;2;0
104607;5;0
104608;0;0
104609;14;0
104610;12;0
104611;0;0
104612;0;0
104613;47;0
104614;13;0
104615;5;0
104616;3;0
104617;0;0
104618;0;0
104619;0;0
104620;0;0
104621;0;0
104622;0;0
104623;0;0
104624;0;0
104625;0;0
104626;4;0
104627;8;0
104628;6;0
104629;9;0
104630;0;0
104631;14;0
104632;10;0
104633;0;0
104634;50;0
104635;0;0
104636;0;0
104637;2;0
104638;7;0
104639;4;0
104640;0;0
104641;5;0
104642;17;0
104646;40;0
104647;46;0
104648;58;0
104649;12;0
104650;26;0
104651;3;0
104652;2;0
104653;6;0
104654;0;0
104655;30;0
104656;9;0
104657;58;0
104658;0;0
104659;0;0
104660;20;0
104661;0;0
104662;0;0
104663;9;0
104664;3;0
104666;0;0
104667;15;0
104668;22;0
104669;31;0
104670;45;0
104671;31;0
104672;45;0
104673;30;0
104674;0;0
104675;40;0
104676;0;0
104677;0;0
104678;2;0
104679;2;0
104680;1;0
104681;4;0
104682;8;0
104683;8;0
104684;14;0
104685;20;1
104686;1;0
104687;24;0
104688;6;0
104689;5;0
104690;5;0
104691;11;0
104692;6;0
104693;9;0
104694;7;0
104695;14;0
104696;7;0
104697;13;0
104698;0;0
104699;9;0
104700;2;0
104701;0;0
104702;0;0
104704;0;0
104705;0;0
104706;0;0
104707;0;0
104708;0;0
104710;0;0
104711;23;0
104712;38;0
104713;27;0
104714;13;1
104715;23;0
104716;1;0
104717;32;0
104718;21;0
104719;43;0
104720;10;0
104721;8;0
104722;0;0
104723;8;0
104724;7;0
104725;1;0
104727;0;0
104728;0;0
104729;3;0
104730;0;0
104731;2;0
104732;0;0
104733;0;0
104734;0;0
104737;8;0
104738;11;0
104739;11;0
104740;5;0
104741;4;0
104742;0;0
104745;0;0
104746;0;0
104747;0;0
104748;0;0
104749;0;0
104750;0;0
104751;0;0
104752;0;0
104753;0;0
104754;0;0
104755;0;0
104756;0;0
104757;0;0
104758;0;0
104759;6;0
104760;5;0
104761;26;0
104762;5;0
104763;23;0
104764;11;0
104765;14;0
104766;6;0
104767;20;0
104768;2;0
104769;14;0
104770;3;0
104771;16;0
104772;22;0
104773;0;0
104774;0;0
104775;0;0
104776;0;0
104777;0;0
104778;0;0
104779;0;0
104780;0;0
104781;0;0
104782;23;0
104783;27;0
104784;41;0
104785;0;0
104786;0;0
104787;0;0
104788;0;0
104789;44;0
104790;16;0
104791;30;0
104792;2;0
104793;0;0
104794;0;0
104795;23;0
104796;4;0
104797;0;0
104798;0;0
104799;1;0
104800;0;0
104801;0;0
104802;4;0
104803;4;0
104804;6;0
104805;5;0
104806;15;0
104807;3;0
104808;1;0
104809;25;0
104810;5;0
104811;9;0
104812;11;0
104813;13;0
104814;7;0
104815;6;0
104816;15;0
104817;4;0
104818;2;0
104819;8;0
104820;2;0
104821;1;0
104822;9;0
104823;4;0
104824;2;0
104825;4;0
104826;17;0
104827;11;0
104828;9;0
104829;1;0
104830;5;0
104831;4;0
104832;5;0
104833;8;0
104834;30;0
104835;0;0
104836;0;0
104837;0;0
104838;0;0
104840;0;0
104841;0;0
104842;0;0
104843;47;7
104844;303;12
104845;68;7
104846;43;0
104847;0;0
104848;10;2
104849;1;0
104850;10;0
104851;7;0
104852;16;0
104853;6;0
104854;1;0
104855;0;0
104856;0;0
104857;0;0
104858;33;0
104859;44;0
104860;10;0
104861;4;0
104862;3;0
104863;8;0
104864;0;0
104865;0;0
104866;33;0
104867;0;0
104870;24;0
104871;3;2
104872;1;0
104873;17;0
104874;11;0
104875;4;0
104876;20;0
104877;4;0
104878;2;0
104879;2;0
104880;2;0
104881;0;0
104882;0;0
104883;4;0
104884;5;0
104885;6;0
104886;0;0
104887;0;0
104888;0;0
104889;22;0
104890;0;0
104891;0;0
104892;0;0
104893;2;0
104894;0;0
104895;0;0
104896;0;0
104897;0;0
104898;0;0
104899;0;0
104900;0;0
104901;0;0
104902;0;0
104904;7;0
104905;3;0
104906;1;0
104907;11;0
104908;8;0
104909;10;0
104910;17;0
104912;3;0
104913;6;0
104914;6;0
104915;4;0
104916;2;0
104917;4;0
104918;6;0
104919;5;0
104920;15;0
104921;11;0
104922;22;0
104923;2;0
104924;7;0
104925;8;0
104926;26;0
104927;3;0
104928;25;0
104929;4;0
104930;0;0
104931;0;0
104932;0;0
104933;0;0
104934;0;0
104935;0;0
104936;0;0
104937;0;0
104938;0;0
104939;15;0
104940;0;0
104941;0;0
104942;5;0
104943;2;0
104945;0;0
104946;0;0
104947;11;0
104948;2;0
104949;0;0
104950;4;0
104951;17;0
104952;14;0
104953;0;0
104954;16;0
104955;12;0
104956;6;0
104957;11;0
104958;2;0
104959;7;0
104960;4;0
104961;22;0
104962;0;0
104963;0;0
104965;0;0
104966;0;0
104967;0;0
104969;46;0
104970;5;0
104971;1;0
104972;18;0
104973;9;0
104974;3;0
104978;0;0
104979;0;0
104980;2;0
104981;0;0
104982;1;0
104983;0;0
104984;0;0
104985;0;0
104986;0;0
104987;0;0
104988;3;0
104989;2;0
104990;0;0
104991;0;0
104992;19;0
104993;8;0
104994;0;0
104995;0;0
104996;11;0
104997;7;0
104998;10;0
104999;3;0
105000;10;0
105001;0;0
105002;16;0
105003;1;0
105004;0;0
105005;15;0
105006;0;0
105007;0;0
105008;0;0
105009;0;0
105010;13;0
105011;2;0
105012;0;0
105013;12;0
105014;2;0
105015;5;0
105016;1;0
105017;0;0
105018;6;0
105019;3;0
105020;7;0
105021;7;0
105022;1;0
105023;6;0
105024;6;0
105025;6;0
105026;2;0
105027;2;0
105028;2;0
105029;2;0
105030;0;0
105031;2;0
105032;1;0
105033;1;0
105034;4;0
105035;7;0
105036;5;0
105037;14;0
105038;2;0
105039;4;0
105040;13;0
105041;6;0
105042;1;0
105043;1;0
105044;1;0
105045;2;0
105046;0;0
105047;1;0
105048;3;0
105049;1;0
105050;4;0
105051;8;0
105052;4;0
105053;4;0
105054;4;0
105055;7;0
105056;8;0
105057;2;0
105058;2;0
105059;1;0
105060;0;0
105061;0;0
105062;0;0
105063;2;0
105064;1;0
105065;2;0
105066;6;0
105067;5;0
105068;6;0
105069;5;0
105070;0;0
105071;6;0
105072;5;0
105073;6;0
105074;1;0
105075;1;0
105076;2;0
105077;2;0
105078;0;0
105079;7;0
105080;2;0
105081;3;0
105082;5;0
105083;3;0
105084;5;0
105085;5;0
105086;0;0
105087;8;0
105088;21;0
105089;10;0
105090;2;0
105091;2;0
105092;1;0
105093;1;0
105094;0;0
105095;4;0
105096;5;0
105097;3;0
105098;8;0
105099;3;0
105100;1;0
105101;6;0
105102;10;0
105103;7;0
105104;13;0
105105;7;0
105106;2;0
105107;3;0
105108;1;0
105109;0;0
105110;8;0
105111;8;0
105112;5;0
105113;1;0
105114;5;0
105115;6;0
105116;5;0
105117;5;0
105118;4;0
105119;5;0
105120;5;0
105121;4;0
105122;3;0
105123;2;0
105124;2;0
105125;2;0
105126;1;0
105127;2;0
105128;2;0
105129;1;0
105130;4;0
105131;7;0
105132;7;0
105133;6;0
105134;6;0
105135;4;0
105136;7;0
105137;5;0
105138;1;0
105139;3;0
105140;2;0
105141;1;0
105142;0;0
105143;1;0
105144;2;0
105145;2;0
105146;4;0
105147;8;0
105148;5;0
105149;6;0
105150;4;0
105151;6;0
105152;7;0
105153;9;0
105154;2;0
105155;3;0
105156;0;0
105157;2;0
105158;1;0
105159;1;0
105160;1;0
105161;1;0
105162;0;0
105163;0;0
105164;0;0
105165;0;0
105166;0;0
105167;15;0
105168;0;0
105169;1;0
105170;0;0
105171;0;0
105172;0;0
105173;0;0
105174;0;0
105175;2;0
105176;0;0
105177;0;0
105178;0;0
105179;0;0
105180;0;0
105181;0;0
105182;0;0
105183;16;0
105184;6;0
105185;0;0
105186;0;0
105187;0;0
105188;0;0
105189;0;0
105190;0;0
105191;3;0
105192;0;0
105193;0;0
105194;41;0
105196;0;0
105197;14;0
105198;0;0
105200;0;0
105201;0;0
105202;0;0
105203;5;0
105204;0;0
105205;1;0
105206;0;0
105207;11;0
105208;6;0
105209;7;0
105210;8;0
105211;7;0
105212;6;0
105213;34;0
105214;3;0
105215;2;0
105216;7;0
105217;5;0
105218;10;0
105221;0;0
105223;0;0
105225;12;0
105226;7;0
105227;39;0
105228;9;0
105229;0;0
105230;0;0
105231;0;0
105232;0;0
105233;16;0
105234;13;0
105235;18;0
105236;4;0
105237;0;0
105238;0;0
105239;0;0
105240;0;0
105241;0;0
105242;0;0
105243;0;0
105244;5;0
105245;0;0
105246;0;0
105247;0;0
105248;17;0
105250;9;0
105251;4;0
105252;0;0
105253;8;0
105254;4;0
105255;17;0
105257;9;0
105260;7;1
105261;7;0
105262;0;0
105263;0;0
105264;0;0
105265;0;0
105266;0;0
105267;0;0
105268;0;0
105269;0;0
105270;0;0
105271;0;0
105272;0;0
105273;0;0
105274;0;0
105275;0;0
105276;0;0
105277;13;0
105278;20;0
105279;6;0
105280;33;0
105281;23;0
105282;0;0
105283;9;0
105284;0;0
105285;4;0
105286;2;0
105287;5;0
105288;16;0
105289;9;0
105290;7;0
105291;11;0
105292;2;0
105293;14;0
105294;0;0
105295;0;0
105296;0;0
105297;10;0
105298;2;0
105299;1;0
105300;3;0
105301;5;0
105302;0;0
105303;18;0
105305;4;0
105306;3;0
105307;5;0
105308;1;0
105309;15;0
105310;7;0
105314;0;0
105315;0;0
105316;0;0
105317;4;0
105318;13;0
105319;2;0
105320;1;0
105321;0;0
105322;0;0
105324;49;0
105326;4;0
105327;8;0
105328;39;0
105330;0;0
105331;0;0
105332;0;0
105333;0;0
105334;6;2
105335;1;1
105336;12;0
105337;4;1
105338;12;0
105339;8;0
105340;5;0
105341;0;0
105342;6;0
105343;0;0
105344;1;0
105345;2;0
105346;7;0
105347;39;0
105348;4;0
105350;2;0
105351;16;0
105352;0;0
105353;0;0
105355;15;0
105356;12;0
105357;40;0
105358;23;0
105359;0;0
105360;27;0
105361;0;0
105362;0;0
105363;0;0
105364;0;0
105365;0;0
105366;0;0
105367;0;0
105368;42;0
105369;16;0
105370;0;0
105371;3;0
105372;3;0
105373;5;0
105374;3;0
105375;11;0
105376;24;0
105377;11;0
105378;8;0
105379;31;0
105380;31;0
105381;64;0
105382;4;0
105383;2;0
105384;6;0
105385;4;0
105386;7;0
105387;4;0
105388;16;0
105389;4;0
105390;0;0
105391;2;0
105392;0;0
105393;0;0
105394;0;0
105395;3;0
105396;12;0
105397;1;0
105398;27;0
105399;13;0
105401;5;0
105402;1;0
105403;2;0
105404;2;0
105405;0;0
105406;0;0
105407;58;0
105408;20;0
105409;34;0
105410;6;0
105414;53;0
105417;9;0
105418;1;0
105419;1;0
105420;4;0
105421;0;0
105422;0;0
105423;0;0
105424;0;0
105425;45;0
105426;2;0
105427;0;0
105428;0;0
105429;0;0
105430;0;0
105432;0;0
105433;1;0
105434;15;0
105435;2;0
105436;10;0
105437;19;0
105438;19;0
105439;9;0
105440;10;0
105441;4;0
105442;0;0
105443;9;0
105444;4;0
105445;1;0
105446;83;0
105447;15;0
105448;0;0
105449;1;0
105450;10;0
105451;0;0
105452;0;0
105453;3;0
105454;4;0
105457;4;0
105459;13;0
105460;134;7
105461;103;7
105462;21;0
105463;13;0
105465;3;0
105466;2;0
105467;14;0
105468;4;0
105469;17;0
105470;7;0
105471;13;0
105472;12;0
105473;0;0
105474;0;0
105475;0;0
105476;0;0
105477;0;0
105481;10;0
105482;3;0
105483;9;0
105484;2;0
105485;12;0
105486;0;0
105487;2;0
105488;3;0
105489;0;0
105490;5;0
105491;1;0
105492;1;0
105493;2;0
105494;1;0
105495;72;0
105496;0;0
105497;0;0
105498;1;0
105499;1;0
105500;2;0
105501;1;0
105502;0;0
105503;2;0
105504;4;0
105505;8;0
105506;17;0
105507;3;0
105508;5;0
105509;6;0
105510;5;0
105511;7;0
105512;8;0
105513;3;0
105514;3;0
105515;20;0
105516;5;0
105517;11;0
105519;20;0
105520;18;0
105521;8;0
105522;8;0
105523;4;0
105524;6;0
105525;7;0
105530;9;0
105531;7;0
105532;3;0
105533;1;0
105534;4;0
105535;17;0
105537;11;0
105538;9;0
105541;24;0
105542;46;0
105543;7;0
105544;1;0
105545;1;0
105547;0;0
105548;0;0
105549;0;0
105550;0;0
105551;0;0
105552;0;0
105553;0;0
105554;0;0
105555;8;0
105556;0;0
105557;0;0
105558;0;0
105559;0;0
105560;0;0
105561;0;0
105562;3;3
105563;0;0
105564;0;0
105565;0;0
105566;0;0
105567;0;0
105568;0;0
105569;4;0
105570;15;0
105571;18;0
105573;0;0
105574;0;0
105575;0;0
105576;2;0
105577;1;0
105578;0;0
105579;0;0
105580;6;0
105581;0;0
105582;0;0
105583;0;0
105584;0;0
105586;31;0
105587;8;0
105588;13;0
105589;4;0
105590;1;0
105591;1;0
105592;3;0
105593;2;0
105594;4;1
105595;25;0
105598;4;0
105599;6;0
105600;8;0
105601;4;0
105604;6;0
105605;2;0
105606;0;0
105607;3;0
105608;6;0
105609;4;0
105610;7;0
105611;4;0
105612;8;0
105613;3;0
105614;7;1
105615;3;3
105616;37;0
105617;19;0
105618;23;0
105622;4;0
105624;0;0
105625;0;0
105626;11;0
105627;2;0
105628;7;0
105629;4;0
105630;7;0
105631;4;0
105632;4;0
105633;2;0
105634;0;0
105635;0;0
105636;6;0
105637;8;0
105638;5;0
105639;8;0
105640;27;0
105641;0;0
105642;10;0
105643;3;0
105644;11;0
105645;3;0
105646;34;0
105647;5;0
105648;0;0
105650;17;0
105651;48;0
105652;8;0
105653;1;0
105657;3;0
105658;18;0
105659;15;0
105660;0;0
105661;0;0
105665;5;0
105666;7;0
105667;6;0
105668;0;0
105669;0;0
105670;0;0
105671;0;0
105672;0;0
105673;0;0
105674;0;0
105675;0;0
105676;0;0
105677;8;0
105678;4;0
105679;0;0
105680;5;0
105681;15;0
105682;36;0
105683;0;0
105684;11;0
105685;7;0
105686;40;0
105687;17;0
105688;3;0
105689;0;0
105690;25;0
105691;5;0
105694;6;0
105695;12;0
105696;1;0
105697;3;0
105698;4;0
105699;7;0
105700;0;0
105701;3;0
105702;4;0
105703;14;0
105704;0;0
105705;28;0
105706;34;0
105707;40;0
105708;29;0
105709;27;0
105710;29;0
105711;19;0
105712;17;0
105713;9;0
105715;5;0
105716;5;0
105718;0;0
105719;0;0
105720;0;0
105723;43;0
105724;25;0
105725;0;0
105726;0;0
105727;7;0
105728;4;0
105729;1;0
105730;16;0
105731;6;0
105732;0;0
105733;10;0
105734;9;0
105735;0;0
105736;2;0
105737;7;0
105738;13;0
105739;8;0
105740;5;0
105741;1;0
105744;17;0
105745;5;0
105746;0;0
105747;0;0
105748;0;0
105749;3;0
105750;0;0
105751;0;0
105752;7;0
105753;0;0
105754;0;0
105755;0;0
105756;0;0
105757;0;0
105758;2;0
105759;8;0
105760;12;0
105761;4;0
105762;6;0
105763;48;0
105764;0;0
105765;0;0
105766;0;0
105767;0;0
105768;0;0
105769;0;0
105770;0;0
105771;0;0
105772;33;0
105775;0;0
105776;0;0
105777;0;0
105778;14;0
105779;19;0
105780;9;0
105781;0;0
105782;15;0
105783;24;0
105784;10;0
105785;10;0
105786;7;0
105787;26;0
105788;10;0
105789;1;0
105790;0;0
105791;9;0
105792;13;0
105793;2;2
105794;13;0
105795;4;0
105796;23;0
105797;12;0
105798;0;0
105799;7;0
105800;2;0
105801;19;0
105802;18;0
105803;6;0
105804;1;0
105805;3;0
105806;1;0
105808;5;0
105809;5;0
105810;2;0
105811;5;0
105812;0;0
105813;4;0
105814;0;0
105815;3;0
105816;5;0
105818;0;0
105819;11;0
105820;18;0
105821;2;0
105822;15;0
105823;2;0
105824;3;0
105825;8;0
105826;6;0
105827;20;0
105828;22;0
105829;6;0
105830;9;0
105831;5;0
105832;10;0
105833;10;0
105834;25;0
105835;10;0
105836;30;4
105837;12;0
105838;13;4
105839;15;0
105840;39;0
105841;5;0
105842;2;0
105843;9;0
105844;21;0
105845;23;0
105846;0;0
105847;10;0
105848;4;0
105849;0;0
105850;0;0
105851;7;0
105852;15;0
105853;6;0
105854;15;0
105855;13;0
105856;5;0
105857;6;0
105858;33;0
105859;0;0
105860;0;0
105861;0;0
105862;0;0
105863;0;0
105864;0;0
105865;0;0
105866;0;0
105867;0;0
105868;0;0
105869;0;0
105870;0;0
105871;0;0
105873;0;0
105874;0;0
105875;0;0
105879;0;0
105880;0;0
105881;0;0
105882;0;0
105883;57;0
105884;18;0
105885;63;0
105886;5;1
105887;3;0
105888;6;0
105889;5;0
105890;3;0
105891;0;0
105893;0;0
105894;5;0
105895;9;0
105896;9;2
105897;0;0
105898;5;0
105899;6;0
105900;8;0
105901;2;0
105903;0;0
105905;5;0
105906;2;0
105908;7;0
105909;11;0
105910;3;0
105911;6;0
105912;0;0
105913;9;0
105914;19;0
105915;6;0
105916;2;0
105917;0;0
105918;0;0
105919;4;0
105920;3;0
105925;0;0
105926;12;0
105927;2;0
105929;26;0
105930;3;0
105931;5;0
105932;0;0
105933;0;0
105934;7;0
105935;0;0
105936;0;0
105938;4;0
105939;3;0
105940;1;0
105941;5;0
105942;6;0
105943;9;0
105944;8;0
105945;7;0
105946;5;0
105947;0;0
105948;14;0
105949;6;0
105950;2;0
105951;16;0
105954;2;0
105955;3;0
105956;0;0
105958;0;0
105959;3;0
105960;8;0
105961;1;0
105962;5;0
105963;11;0
105964;21;0
105965;1;0
105966;5;0
105967;2;0
105968;0;0
105969;2;0
105971;28;0
105972;14;0
105973;2;0
105974;17;0
105975;2;0
105976;1;0
105977;24;0
105978;18;0
105979;15;0
105980;2;0
105982;24;0
105983;12;0
105984;4;0
105985;9;0
105986;11;0
105987;1;0
105988;19;0
105989;3;0
105990;4;0
105995;3;0
105996;9;0
105997;13;0
105998;3;0
105999;9;0
106002;0;0
106003;5;0
106005;21;0
106006;36;0
106007;36;0
106008;4;0
106009;1;0
106010;3;0
106011;11;0
106012;2;0
106013;2;0
106014;0;0
106015;7;0
106016;1;0
106017;4;0
106018;1;0
106019;0;0
106020;13;0
106021;16;0
106022;27;0
106023;4;0
106025;38;0
106027;2;0
106028;3;0
106029;5;0
106030;3;0
106031;5;0
106032;3;0
106033;0;0
106034;5;0
106035;6;0
106036;5;0
106037;3;0
106038;8;0
106039;12;0
106040;1;0
106041;16;0
106042;1;0
106049;2;0
106050;5;0
106051;2;0
106052;4;0
106053;0;0
106054;15;0
106055;3;0
106056;2;0
106058;8;0
106059;22;0
106060;0;0
106061;53;0
106062;1;0
106063;0;0
106066;2;0
106067;0;0
106069;0;0
106070;0;0
106071;47;0
106072;37;0
106074;13;0
106075;4;0
106076;8;0
106077;1;0
106078;0;0
106079;3;0
106080;0;0
106081;0;0
106082;20;0
106083;15;0
106084;2;0
106085;6;0
106086;2;0
106087;12;0
106088;7;0
106089;23;0
106090;0;0
106091;1;0
106092;1;0
106093;16;0
106094;1;0
106095;6;0
106096;0;0
106097;8;0
106098;1;0
106099;20;0
106100;5;0
106101;1;0
106102;20;0
106103;5;0
106104;1;0
106105;14;0
106106;20;0
106109;1;0
106110;10;0
106113;5;0
106114;2;0
106115;5;0
106116;1;0
106117;3;0
106118;14;0
106119;6;0
106120;7;0
106121;7;0
106122;5;0
106123;0;0
106124;5;0
106125;14;0
106126;11;0
106127;0;0
106128;11;0
106129;2;0
106130;4;0
106131;2;0
106132;1;0
106133;0;0
106134;4;0
106135;0;0
106138;1;0
106139;4;0
106140;0;0
106141;1;0
106142;2;0
106147;5;0
106148;2;0
106149;4;0
106150;8;0
106151;10;0
106152;5;0
106153;7;0
106154;6;0
106155;10;0
106156;3;0
106157;9;0
106158;1;0
106160;5;0
106161;18;0
106162;18;0
106163;11;0
106164;17;0
106165;8;0
106166;8;0
106167;10;0
106168;1;0
106169;8;0
106170;8;0
106171;9;0
106172;0;0
106173;26;0
106174;47;0
106175;12;0
106176;7;0
106177;0;0
106178;2;0
106180;11;0
106181;8;0
106182;1;0
106183;2;0
106184;3;0
106185;5;0
106186;6;0
106187;1;0
106188;5;0
106189;5;0
106190;5;0
106192;0;0
106193;0;0
106194;0;0
106195;0;0
106196;0;0
106197;0;0
106198;0;0
106199;0;0
106200;0;0
106201;0;0
106202;0;0
106203;0;0
106204;0;0
106205;0;0
106206;0;0
106207;0;0
106208;0;0
106209;0;0
106210;0;0
106211;0;0
106212;0;0
106213;0;0
106214;4;0
106215;9;0
106216;7;0
106217;0;0
106218;0;0
106219;1;0
106220;0;0
106221;2;0
106222;0;0
106223;0;0
106225;0;0
106226;0;0
106227;0;0
106228;0;0
106229;0;0
106230;0;0
106231;2;0
106232;0;0
106233;2;0
106234;0;0
106235;0;0
106236;0;0
106237;0;0
106238;0;0
106239;16;0
106240;5;0
106241;2;0
106242;10;0
106243;22;0
106244;2;0
106245;23;0
106246;0;0
106247;14;0
106248;15;0
106249;3;0
106251;1;0
106252;4;0
106253;4;0
106254;2;0
106255;2;0
106256;28;0
106257;5;0
106258;10;0
106263;62;0
106264;31;0
106265;5;0
106266;19;0
106267;17;0
106268;11;0
106269;9;0
106270;30;0
106273;15;0
106274;14;0
106275;6;0
106276;40;0
106277;5;0
106278;23;0
106279;0;0
106280;5;0
106281;6;0
106282;2;0
106290;0;0
106291;1;0
106292;7;0
106294;2;0
106295;8;0
106298;8;0
106301;13;0
106302;2;0
106303;1;0
106304;2;0
106305;6;0
106312;3;0
106313;6;0
106314;6;0
106315;0;0
106316;1;1
106317;5;0
106318;10;0
106319;0;0
106320;0;0
106321;0;0
106322;1;0
106326;0;0
106327;0;0
106329;5;0
106331;4;0
106332;2;0
106333;0;0
106334;0;0
106335;0;0
106336;0;0
106337;0;0
106338;0;0
106339;26;0
106340;4;0
106341;4;0
106342;4;0
106343;3;0
106344;1;0
106345;4;0
106346;0;0
106347;1;0
106348;3;0
106349;2;0
106354;0;0
106355;0;0
106358;0;0
106359;2;0
106360;7;0
106361;3;0
106362;6;0
106363;8;0
106365;1;0
106366;18;0
106367;11;0
106368;4;0
106369;49;0
106370;2;0
106371;89;0
106372;46;0
106373;29;0
106374;30;0
106375;0;0
106376;0;0
106380;7;0
106381;27;0
106382;7;0
106383;5;0
106384;6;0
106385;2;0
106389;0;0
106390;38;0
106392;0;0
106393;62;0
106394;1;0
106395;1;0
106396;1;0
106398;7;0
106399;17;0
106400;11;0
106401;11;0
106402;1;0
106403;0;0
106404;0;0
106405;0;0
106406;3;0
106410;0;0
106411;0;0
106412;0;0
106413;0;0
106414;0;0
106418;3;0
106419;7;0
106420;0;0
106421;0;0
106422;0;0
106423;68;0
106424;0;0
106425;0;0
106426;2;0
106427;0;0
106428;0;0
106429;0;0
106430;0;0
106431;0;0
106432;14;0
106433;2;0
106434;14;0
106435;3;0
106439;0;0
106440;11;0
106441;1;0
106442;1;0
106443;2;0
106444;5;0
106445;2;0
106446;1;0
106447;3;0
106448;4;0
106449;4;0
106450;6;0
106451;6;0
106452;5;0
106453;0;0
106454;12;0
106458;3;0
106459;9;0
106460;1;0
106461;0;0
106462;1;0
106463;0;0
106464;1;0
106465;1;0
106466;0;0
106467;1;0
106468;0;0
106469;0;0
106470;0;0
106471;0;0
106472;2;0
106473;8;0
106474;11;0
106475;3;0
106476;4;0
106477;0;0
106478;8;0
106479;10;0
106480;9;0
106481;5;0
106482;73;0
106483;15;0
106484;5;0
106485;5;0
106486;12;0
106487;1;0
106488;4;0
106489;5;0
106490;2;0
106491;1;0
106492;0;0
106496;18;0
106497;16;0
106498;17;0
106499;18;0
106500;15;0
106501;17;0
106502;17;0
106504;12;0
106505;9;0
106506;14;0
106507;15;0
106508;13;0
106509;18;0
106510;11;0
106511;9;0
106512;3;0
106513;10;0
106514;5;0
106515;15;0
106516;0;0
106517;15;0
106518;13;0
106519;19;0
106520;11;0
106521;24;0
106522;5;1
106523;10;0
106524;8;0
106525;9;0
106526;5;0
106527;22;0
106528;1;0
106529;8;0
106530;1;0
106531;4;0
106533;2;0
106534;0;0
106535;1;0
106543;28;0
106544;30;0
106545;17;0
106546;16;0
106547;27;0
106548;15;0
106549;13;0
106550;16;0
106551;0;0
106553;6;0
106554;20;0
106555;24;0
106556;19;0
106557;11;0
106558;9;0
106559;7;0
106560;0;0
106561;26;0
106562;19;0
106563;18;0
106564;20;0
106565;69;0
106566;61;0
106567;17;0
106568;35;0
106569;0;0
106570;0;0
106571;0;0
106572;2;0
106573;0;0
106577;0;0
106578;31;0
106579;31;0
106580;28;0
106581;0;0
106582;27;0
106583;8;0
106585;2;0
106588;6;0
106589;4;0
106590;3;0
106591;5;0
106595;0;0
106596;0;0
106597;12;0
106598;6;0
106599;0;0
106600;0;0
106601;13;0
106602;3;0
106603;0;0
106604;0;0
106605;5;0
106606;3;0
106607;35;0
106608;0;0
106609;0;0
106610;5;4
106613;0;0
106614;1;0
106615;9;0
106616;4;0
106617;2;0
106618;2;0
106619;3;0
106620;1;0
106621;10;0
106622;13;0
106623;4;0
106624;8;0
106625;5;0
106626;7;0
106627;9;0
106628;4;0
106629;1;0
106630;8;0
106631;26;0
106632;6;0
106634;39;0
106635;3;0
106637;12;0
106638;21;0
106639;12;0
106640;2;0
106641;36;0
106642;1;0
106643;0;0
106644;6;0
106647;31;0
106648;28;0
106649;4;0
106650;14;0
106651;8;0
106652;16;0
106653;25;0
106654;21;0
106656;5;0
106657;12;0
106658;22;0
106659;15;0
106664;21;0
106665;5;0
106666;4;0
106667;2;0
106668;11;0
106669;6;0
106670;2;0
106671;1;0
106672;21;0
106673;16;0
106674;13;0
106675;5;0
106676;21;0
106677;8;0
106678;20;0
106679;10;0
106680;20;0
106681;3;0
106682;17;0
106683;4;0
106684;28;0
106686;0;0
106689;0;0
106690;32;0
106691;48;1
106692;2;0
106693;0;0
106696;47;0
106697;38;0
106698;3;0
106699;8;0
106700;4;0
106701;5;0
106702;3;1
106703;0;0
106704;0;0
106705;0;0
106706;9;0
106707;13;0
106708;11;0
106709;10;0
106710;12;0
106711;6;0
106712;0;0
106713;1;0
106714;0;0
106715;11;0
106716;17;0
106717;5;0
106718;0;0
106719;38;0
106732;39;0
106733;3;0
106734;0;0
106735;0;0
106736;0;0
106737;0;0
106738;0;0
106739;0;0
106740;16;0
106741;5;0
106743;3;0
106744;1;0
106745;3;0
106746;1;0
106747;0;0
106753;30;0
106754;7;0
106755;10;0
106756;0;0
106761;0;0
106762;1;1
106764;1;0
106765;35;0
106766;29;0
106767;2;0
106768;3;0
106769;0;0
106770;0;0
106771;10;0
106772;2;0
106773;0;0
106774;17;0
106775;21;0
106777;2;0
106778;0;0
106779;0;0
106780;2;0
106783;20;0
106785;1;0
106786;8;0
106787;6;0
106788;3;0
106789;1;0
106790;16;0
106791;3;0
106792;4;0
106793;0;0
106794;19;0
106795;2;0
106796;2;0
106797;45;1
106798;14;0
106799;6;0
106800;25;1
106801;9;0
106802;7;0
106803;20;0
106804;8;0
106805;8;0
106806;19;0
106807;5;0
106808;5;0
106809;17;0
106810;4;0
106811;11;0
106812;13;0
106813;8;0
106814;10;0
106815;6;0
106816;9;0
106817;1;0
106820;14;0
106821;4;0
106822;5;0
106823;20;0
106824;9;0
106825;7;0
106826;31;0
106827;8;0
106828;6;0
106829;86;0
106830;82;0
106832;1;0
106833;19;0
106834;1;0
106835;6;0
106836;1;0
106837;0;0
106838;0;0
106839;0;0
106840;0;0
106841;25;0
106843;11;0
106844;14;0
106845;7;0
106846;19;0
106847;0;0
106848;2;0
106849;8;0
106850;19;0
106851;5;0
106852;20;0
106853;0;0
106854;8;0
106855;0;0
106857;4;0
106858;0;0
106859;10;2
106860;6;0
106861;7;0
106862;0;0
106863;10;0
106864;10;1
106865;6;0
106866;3;0
106867;0;0
106869;13;0
106870;10;0
106871;11;0
106872;6;0
106873;8;0
106874;15;0
106875;17;0
106876;3;0
106877;15;0
106878;9;0
106879;25;0
106880;14;0
106881;5;0
106882;2;0
106883;13;0
106884;0;0
106885;18;0
106886;2;0
106887;25;0
106888;3;0
106889;5;0
106890;3;0
106891;12;0
106892;8;0
106893;4;0
106894;5;0
106895;4;0
106896;1;0
106898;19;0
106899;9;0
106900;13;0
106901;1;0
106902;9;0
106903;2;0
106904;4;0
106905;10;0
106906;4;0
106907;1;0
106910;2;0
106911;0;0
106914;9;0
106915;0;0
106916;25;0
106917;2;0
106918;16;0
106919;6;0
106920;7;0
106923;7;0
106924;13;0
106925;7;0
106926;11;0
106929;8;0
106930;2;0
106931;0;0
106933;3;0
106934;5;0
106935;5;0
106936;1;0
106937;1;0
106938;18;0
106939;3;0
106940;13;0
106941;2;0
106942;14;0
106943;4;0
106944;18;0
106945;1;0
106946;18;0
106947;2;0
106948;20;0
106949;23;0
106950;20;0
106951;23;0
106954;15;0
106958;0;0
90000;-102;0
90010;-17;0
90050;-401;0
90051;-1;0
90051;0;0
90055;0;0
90060;-51;0
9999000;-1;0
9999900000;-4886;0
9999900001;-139141;0
9999900002;-124189;0
9999900003;-1;0
9999900004;-16;0
9999900005;0;0
9999920000;-933;0
9999930000;-3729;0
9999999911;-1;0
9999999960;-28840;0
9999999998;-2;0
